{"J_rest":[[-0.0017950595290382927,-0.2233334459925592,0.02821912553071819],[0.06772467570537334,-0.31473967122299307,0.0214037877203167],[-0.06946554060682558,-0.3138551255656779,0.023899303754042436],[-0.004327923130868928,-0.11437021512720578,0.0015228119189669362],[0.10200122102155845,-0.6899382737639126,0.01690798581181604],[-0.10775559364347535,-0.6964241398853281,0.01504927378983469],[0.0011591053384800414,0.02081021442887462,0.002615284042914616],[0.08840551994254811,-1.087898634602492,-0.026785344191042545],[-0.09198182575586095,-1.0948387881772141,-0.0272625243464965],[0.0026161038791374623,0.07373244806230825,0.028039852107060927],[0.11476365945317688,-1.1436895173586867,0.09250305440585954],[-0.11735357371113805,-1.1429827433688222,0.09608542657013255],[-0.0001622845345356531,0.2876028039606256,-0.014817182869749417],[0.08146084307867736,0.19548175039742582,-0.006049754777112777],[-0.07914308344296146,0.19256528273097423,-0.010575433187443677],[0.004989555428061216,0.3525724144728154,0.03653178750682693],[0.17243777014943215,0.22595064624777206,-0.014917906171582524],[-0.1751554605301871,0.22511644982637616,-0.019718504471533144],[0.4320500169172333,0.21317858632264028,-0.042374341190845946],[-0.4288974211131698,0.2117872306689281,-0.04111948292311358],[0.6812836452720605,0.2221646203310247,-0.04354525745788708],[-0.6841955011004938,0.21955952561529102,-0.04667867778401227],[0.7653258286892984,0.21400308366564463,-0.058490624768670035],[-0.7688174262154941,0.2134422677698446,-0.05699376207386683]],"J_shapedirs":[[[-0.0005305713275447488,-0.0002445202844683081,0.00030426710145547986,-0.0009016369003802538,0.00037832444650121033,-0.00012264889664947987,-0.0003048945218324661,0.0001492371957283467,-0.0003206241817679256,-0.0004232819192111492],[-0.014243478886783123,0.004780284129083157,-0.005471632815897465,-0.008857832290232182,-0.0010123895481228828,-0.0014743662904947996,0.0003060990129597485,0.0013560453662648797,-0.0004453811270650476,0.0007196342921815813],[0.0022701851557940245,-0.007094835862517357,0.0014543049037456512,-0.0018819066463038325,-0.0012197631876915693,-0.0001969070581253618,-0.0009364354191347957,-0.00035651749931275845,0.0004148008592892438,0.00012538030568975955]],[[0.00010507152182981372,-0.004071009811013937,0.0025825807824730873,-0.00418420834466815,0.002201403956860304,-0.0009698572685010731,-0.001026871264912188,-0.0008120470447465777,-0.0003657171910163015,-0.00042295351158827543],[-0.01818552240729332,0.006231082137674093,-0.007530486676841974,-0.008391735143959522,-0.001465881010517478,-0.0019498843466863036,3.171542630298063e-05,0.001532099093310535,-0.001075885840691626,0.0012413919903337955],[0.0036430535838007927,-0.01038539968430996,0.0015620094491168857,-0.0020224559120833874,-0.002332899020984769,-0.0007628474268130958,-0.0007190487231127918,-0.00024143571499735117,-0.0006311812903732061,6.95294002071023e-05]],[[-0.0014372129226103425,0.0037499768659472466,-0.0017572508659213781,0.002048271242529154,-0.0012507152277976274,0.0006959441816434264,0.00016417122969869524,0.001168935326859355,-0.000337919220328331,-0.0005676866276189685],[-0.017969390377402306,0.006427299231290817,-0.00758290383964777,-0.008108595386147499,-0.0014854785986244678,-0.002031803596764803,-2.7539135771803558e-05,0.001277209259569645,-0.0011069552274420857,0.00115176010876894],[0.003143932903185487,-0.010646026581525803,0.001888565137051046,-0.002432067645713687,-0.002483586547896266,-0.0005071039777249098,-0.0009259466314688325,-6.924167973920703e-05,4.365196218714118e-06,3.4402670280542225e-05]],[[-0.0006327865994535387,-0.00039424063288606703,0.00032252201344817877,-0.0009894529357552528,0.00039850317989476025,-0.00010733907402027398,-0.00026290834648534656,0.00018274661852046847,-0.0003492984105832875,-0.0004119835211895406],[-0.006545003037899733,0.002385233761742711,-0.0036804808769375086,-0.00736911641433835,-0.0013223584974184632,-0.0006979822646826506,0.0013280921848490834,0.0007857918972149491,-0.0002984491875395179,0.0002835472987499088],[-0.003145891474559903,-0.001631234772503376,0.000838744395878166,-0.0027908561751246452,0.00018871571228373796,0.00025867114891298115,-0.0018477663397789001,0.00032399233896285295,0.0012474164832383394,0.00016002297343220562]],[[0.003939631395041943,-0.0005437078070826828,0.0013278996339067817,-0.0033233033027499914,0.0012088519288226962,-0.00126539112534374,-0.0005424920236691833,-0.0009635114693082869,-0.001668961951509118,-0.0002735690795816481],[-0.038285549730062485,-0.0039222026243805885,-0.0070635611191391945,-0.0019358331337571144,-0.0004536011256277561,-0.0006350372568704188,-0.0011204576585441828,0.000820715562440455,0.0008315698942169547,0.0003633907763287425],[0.004466560203582048,-0.006865719798952341,7.78650282882154e-05,0.000681089935824275,-0.0037339478731155396,-0.0006624341476708651,-0.0008225655183196068,-0.0012557907029986382,-0.0011051044566556811,0.00016040138143580407]],[[-0.004614915698766708,0.0004970446461811662,-0.0011277481680735946,0.0024908347986638546,-0.0007511375588364899,0.0009490013471804559,0.00018139179155696183,0.000997810042463243,0.0005221773753874004,-0.0009017023257911205],[-0.03938792645931244,-0.0029367897659540176,-0.007591984234750271,-0.0024297672789543867,3.6196848668623716e-05,-0.0012723461259156466,-0.0008873114129528403,0.0009628141997382045,-0.00021092532551847398,4.215585795463994e-05],[0.002369943540543318,-0.007598595693707466,0.0008601662120781839,-0.0006463408935815096,-0.003517531557008624,-0.00038757716538384557,-0.0016114135505631566,-0.000883637520018965,-0.00011627712228801101,0.00025065644877031446]],[[0.0009352517081424594,-0.00013415399007499218,6.267430580919608e-05,0.00035498966462910175,2.2479733161162585e-05,-2.097961987601593e-05,0.00022773956879973412,0.0002332824660697952,-0.0005586814368143678,-0.0004220267874188721],[0.0020206861663609743,0.004540731199085712,-0.0010765796760097146,-0.0012300106463953853,-0.0013662922428920865,0.0007117525674402714,0.0018372545018792152,-0.0015022146981209517,0.0005026174476370215,6.86261773807928e-05],[-0.0014441790990531445,0.0011218173895031214,-4.45783807663247e-05,-0.0006140101468190551,0.0007971191662363708,0.0008583417511545122,-0.0007241209968924522,0.0011272295378148556,1.652174978516996e-05,-5.5459022405557334e-05]],[[0.0017516470979899168,-0.0006176673923619092,0.0015756593784317374,-0.004267161712050438,0.0015398109098896384,-0.0016145604895427823,-0.0006807530880905688,-0.0009705095435492694,-0.0017908182926476002,-0.00013772342936135828],[-0.06497033685445786,-0.011344147846102715,-0.006457003764808178,0.005179448518902063,0.002363584702834487,-0.00024178177409339696,-0.0009949230588972569,-0.0007030398119240999,0.0006810716004110873,-0.00033106215414591134],[0.002539282198995352,-0.00496287364512682,-0.0011877856450155377,0.0022178024519234896,-0.0045595536939799786,-0.0004657703684642911,-0.0007258318364620209,-0.0005090399063192308,-0.0015586314257234335,-1.7367125110467896e-05]],[[-0.002580908127129078,0.000886878406163305,-0.0013071740977466106,0.003211161820217967,-0.000982446945272386,0.0013909515691921115,0.00022433752019423991,0.001110870041884482,0.0007363090408034623,-0.0009227236732840538],[-0.06649031490087509,-0.009720411151647568,-0.007371564861387014,0.004809523466974497,0.002894328674301505,-0.0009147194214165211,-0.0007147358846850693,-0.0008599809953011572,-0.0002231809194199741,-0.0007444974035024643],[0.00037260467070154846,-0.005395012442022562,-0.00037031815736554563,0.0007308311178348958,-0.004266254138201475,5.878804950043559e-05,-0.0016739600105211139,8.769737178226933e-05,-0.00045108041376806796,0.00031297089299187064]],[[0.0004221363924443722,-0.00017395173199474812,2.108429907821119e-05,0.00015041837468743324,1.545374107081443e-05,8.520067058270797e-05,6.497505819424987e-05,0.00016717449761927128,-0.00021370037575252354,-0.00026529128081165254],[0.0063478159718215466,0.004147978965193033,-0.0002304802037542686,0.0010514622554183006,